,rouge1_precision,rouge1_recall,rouge1_fmeasure,rouge2_precision,rouge2_recall,rouge2_fmeasure,rougeL_precision,rougeL_recall,rougeL_fmeasure
0,0.6432432432432432,0.6611111111111111,0.6520547945205479,0.2791327913279133,0.28690807799442897,0.282967032967033,0.3081081081081081,0.31666666666666665,0.3123287671232877
